Class, Fan-out
org/jfree/chart/legend/LegendItemBlockContainer,11
org/jfree/chart/swing/MouseWheelHandler,10
org/jfree/data/xy/CategoryTableXYDataset,8
org/jfree/chart/renderer/category/AbstractCategoryItemRenderer,8
org/jfree/chart/renderer/xy/CyclicXYItemRenderer,7
org/jfree/data/time/MovingAverage,7
org/jfree/data/flow/FlowDatasetUtils,6
org/jfree/chart/axis/CategoryLabelPositions,6
org/jfree/data/general/HeatMapUtils,5
org/jfree/data/json/JSONUtils,5
org/jfree/chart/renderer/OutlierList,5
org/jfree/chart/renderer/category/MinMaxCategoryRenderer,4
org/jfree/data/time/Second,4
org/jfree/data/DataUtils,4
org/jfree/data/general/DatasetUtils,4
org/jfree/data/xy/MatrixSeries,4
org/jfree/data/xml/CategorySeriesHandler,4
org/jfree/data/xy/XYSeries,4
org/jfree/data/time/Minute,3
org/jfree/data/flow/DefaultFlowDataset,3
org/jfree/chart/util/DefaultShadowGenerator,3
org/jfree/data/xml/ItemHandler,3
org/jfree/data/xml/DatasetReader,3
org/jfree/chart/JFreeChart$2,3
org/jfree/chart/entity/XYItemEntity,3
org/jfree/chart/labels/CustomXYToolTipGenerator,3
org/jfree/chart/annotations/XYShapeAnnotation,3
org/jfree/chart/renderer/OutlierListCollection,3
org/jfree/chart/swing/editor/DefaultNumberAxisEditor,3
org/jfree/data/category/CategoryToPieDataset,3
org/jfree/chart/date/SpreadsheetDate,2
org/jfree/data/time/DynamicTimeSeriesCollection,2
org/jfree/data/time/Year,2
org/jfree/chart/urls/CustomPieURLGenerator,2
org/jfree/chart/plot/dial/StandardDialScale,2
org/jfree/data/statistics/DefaultMultiValueCategoryDataset,2
org/jfree/chart/axis/ModuloAxis,2
org/jfree/chart/text/TextBox,2
org/jfree/data/statistics/BoxAndWhiskerCalculator,2
org/jfree/chart/title/ImageTitle$1,2
org/jfree/chart/renderer/xy/XYDifferenceRenderer,2
org/jfree/chart/plot/dial/DialPointer$Pin,2
org/jfree/chart/labels/IntervalCategoryItemLabelGenerator,2
org/jfree/chart/annotations/CategoryLineAnnotation,2
org/jfree/chart/plot/RingPlot,2
org/jfree/data/general/DefaultPieDataset,2
org/jfree/chart/renderer/category/LevelRenderer,2
org/jfree/chart/plot/dial/StandardDialFrame,2
org/jfree/data/time/TimePeriodValue,2
org/jfree/data/general/DefaultHeatMapDataset,2
org/jfree/chart/plot/dial/DialValueIndicator,2
org/jfree/chart/labels/BubbleXYItemLabelGenerator,2
org/jfree/chart/axis/DateAxis,2
org/jfree/chart/annotations/XYBoxAnnotation,2
org/jfree/chart/renderer/category/StatisticalBarRenderer,2
org/jfree/chart/annotations/CategoryPointerAnnotation,2
org/jfree/chart/renderer/xy/XYErrorRenderer,2
org/jfree/chart/renderer/RendererState,2
org/jfree/chart/renderer/RendererUtils,2
org/jfree/chart/plot/DefaultDrawingSupplier,2
org/jfree/data/gantt/SlidingGanttCategoryDataset,2
org/jfree/chart/plot/Crosshair,2
org/jfree/data/category/DefaultCategoryDataset,2
org/jfree/chart/renderer/category/StatisticalLineAndShapeRenderer,2
org/jfree/chart/renderer/xy/XYShapeRenderer,2
org/jfree/chart/renderer/category/GroupedStackedBarRenderer,2
org/jfree/chart/renderer/Outlier,2
org/jfree/chart/annotations/XYPointerAnnotation,2
org/jfree/chart/annotations/XYPolygonAnnotation,2
org/jfree/data/time/Hour,2
org/jfree/data/statistics/DefaultStatisticalCategoryDataset,2
org/jfree/chart/plot/dial/ArcDialFrame,2
org/jfree/chart/plot/MeterInterval,2
org/jfree/data/xy/IntervalXYDelegate,2
org/jfree/chart/labels/MultipleXYSeriesLabelGenerator,2
org/jfree/chart/renderer/xy/XYBlockRenderer,2
org/jfree/chart/annotations/XYLineAnnotation,2
org/jfree/chart/block/LineBorder,2
org/jfree/data/statistics/DefaultBoxAndWhiskerCategoryDataset,2
org/jfree/data/category/SlidingCategoryDataset,2
org/jfree/chart/encoders/EncoderUtil,2
org/jfree/chart/renderer/xy/StackedXYAreaRenderer,2
org/jfree/chart/internal/SerialUtils,2
org/jfree/data/gantt/TaskSeries,2
org/jfree/data/ComparableObjectSeries,2
org/jfree/chart/internal/CloneUtils,2
org/jfree/chart/plot/Marker,2
org/jfree/chart/axis/CategoryAxis$1,2
org/jfree/data/time/DateRange,2
org/jfree/chart/renderer/xy/AbstractXYItemRenderer$1,2
org/jfree/chart/axis/PeriodAxis,2
org/jfree/chart/plot/dial/DialCap,2
org/jfree/chart/plot/PlotRenderingInfo,1
org/jfree/chart/swing/editor/DefaultPolarPlotEditor,1
org/jfree/chart/plot/CombinedDomainXYPlot,1
org/jfree/chart/renderer/LookupPaintScale$PaintItem,1
org/jfree/chart/labels/IntervalXYItemLabelGenerator,1
org/jfree/chart/renderer/xy/WindItemRenderer,1
org/jfree/chart/labels/StandardPieToolTipGenerator,1
org/jfree/chart/imagemap/StandardToolTipTagFragmentGenerator,1
org/jfree/chart/plot/DatasetRenderingOrder,1
org/jfree/chart/block/RectangleConstraint,1
org/jfree/chart/axis/AxisLocation,1
org/jfree/chart/plot/DialShape,1
org/jfree/chart/labels/IntervalXYToolTipGenerator,1
org/jfree/data/xy/DefaultTableXYDataset,1
org/jfree/chart/plot/pie/PieLabelDistributor,1
org/jfree/data/xy/VectorSeries,1
org/jfree/chart/imagemap/DynamicDriveToolTipTagFragmentGenerator,1
org/jfree/chart/renderer/xy/StandardXYItemRenderer,1
org/jfree/chart/entity/StandardEntityCollection,1
org/jfree/chart/plot/dial/StandardDialRange,1
org/jfree/chart/plot/Plot,1
org/jfree/data/xy/XYBarDataset,1
org/jfree/data/statistics/HistogramType,1
org/jfree/chart/api/RectangleEdge$1,1
org/jfree/data/xy/XYDatasetTableModel,1
org/jfree/data/function/LineFunction2D,1
org/jfree/chart/legend/LegendRenderingOrder,1
org/jfree/chart/renderer/xy/DeviationRenderer$State,1
org/jfree/chart/entity/TitleEntity,1
org/jfree/data/general/AbstractDataset,1
org/jfree/chart/api/VerticalAlignment,1
org/jfree/chart/renderer/LookupPaintScale,1
org/jfree/chart/labels/IntervalCategoryToolTipGenerator,1
org/jfree/chart/renderer/xy/XYBoxAndWhiskerRenderer,1
org/jfree/chart/axis/AxisCollection$1,1
org/jfree/data/json/impl/JSONArray,1
org/jfree/chart/internal/LineUtils,1
org/jfree/chart/axis/NumberAxis,1
org/jfree/chart/block/ColorBlock,1
org/jfree/chart/entity/ChartEntity,1
org/jfree/data/general/Series,1
org/jfree/chart/JFreeChart,1
org/jfree/chart/axis/ValueTick,1
org/jfree/chart/entity/XYAnnotationEntity,1
org/jfree/chart/renderer/category/CategoryStepRenderer$State,1
org/jfree/chart/renderer/AreaRendererEndType,1
org/jfree/chart/renderer/xy/DefaultXYItemRenderer,1
org/jfree/data/time/ohlc/OHLCSeries,1
org/jfree/chart/entity/CategoryItemEntity,1
org/jfree/chart/renderer/xy/XYLineAndShapeRenderer$State,1
org/jfree/chart/renderer/xy/DeviationRenderer,1
org/jfree/chart/labels/BoxAndWhiskerXYToolTipGenerator,1
org/jfree/chart/plot/dial/DialPointer$Pointer,1
org/jfree/chart/axis/AxisCollection,1
org/jfree/data/DefaultKeyedValues2D,1
org/jfree/data/gantt/XYTaskDataset,1
org/jfree/chart/renderer/category/LayeredBarRenderer,1
org/jfree/data/xy/XYIntervalDataItem,1
org/jfree/chart/block/EmptyBlock,1
org/jfree/chart/block/LengthConstraintType,1
org/jfree/chart/renderer/xy/XYAreaRenderer2,1
org/jfree/chart/swing/CrosshairOverlay,1
org/jfree/chart/imagemap/OverLIBToolTipTagFragmentGenerator,1
org/jfree/chart/StandardChartTheme,1
org/jfree/chart/axis/AxisLocation$1,1
org/jfree/chart/legend/LegendGraphic$1,1
org/jfree/chart/ChartTransferable,1
org/jfree/chart/event/ChartProgressEventType,1
org/jfree/chart/plot/dial/DialPointer,1
org/jfree/chart/legend/LegendItemCollection,1
org/jfree/chart/renderer/xy/XYBubbleRenderer,1
org/jfree/chart/labels/StandardCategorySeriesLabelGenerator,1
org/jfree/chart/plot/flow/FlowPlot,1
org/jfree/chart/api/RectangleEdge,1
org/jfree/chart/plot/dial/DialBackground,1
org/jfree/chart/axis/LogAxis,1
org/jfree/data/time/TimeTableXYDataset,1
org/jfree/chart/renderer/category/DefaultCategoryItemRenderer,1
org/jfree/data/time/Millisecond,1
org/jfree/chart/encoders/SunPNGEncoderAdapter,1
org/jfree/chart/renderer/xy/GradientXYBarPainter,1
org/jfree/chart/block/BlockBorder,1
org/jfree/data/xy/YIntervalSeries,1
org/jfree/chart/renderer/category/StackedAreaRenderer,1
org/jfree/data/xy/MatrixSeriesCollection,1
org/jfree/data/xy/XYDataItem,1
org/jfree/chart/swing/editor/ChartEditorManager,1
org/jfree/data/time/ohlc/OHLC,1
org/jfree/chart/axis/CategoryTick,1
org/jfree/chart/labels/StandardPieSectionLabelGenerator,1
org/jfree/data/function/NormalDistributionFunction2D,1
org/jfree/chart/event/ChartChangeEventType,1
org/jfree/chart/entity/PlotEntity,1
org/jfree/data/xy/XYIntervalSeries,1
org/jfree/chart/axis/Axis,1
org/jfree/chart/plot/Plot$1,1
org/jfree/data/RangeType,1
org/jfree/chart/axis/PeriodAxisLabelInfo,1
org/jfree/chart/api/RectangleInsets,1
org/jfree/chart/renderer/category/BarRenderer,1
org/jfree/chart/renderer/xy/XYDotRenderer,1
org/jfree/chart/renderer/category/LineAndShapeRenderer,1
org/jfree/chart/renderer/xy/XYSplineRenderer,1
org/jfree/chart/labels/BoxAndWhiskerToolTipGenerator,1
org/jfree/chart/axis/ExtendedCategoryAxis,1
org/jfree/chart/swing/AbstractOverlay,1
org/jfree/chart/axis/AxisState$1,1
org/jfree/chart/renderer/xy/XYStepRenderer,1
org/jfree/chart/renderer/xy/DeviationStepRenderer,1
org/jfree/chart/plot/compass/WindNeedle,1
org/jfree/chart/urls/StandardXYZURLGenerator,1
org/jfree/chart/axis/Axis$1,1
org/jfree/chart/text/TextAnchor,1
org/jfree/chart/ChartUtils,1
org/jfree/data/DomainOrder,1
org/jfree/data/category/DefaultIntervalCategoryDataset,1
org/jfree/data/xy/VectorSeriesCollection,1
org/jfree/chart/plot/IntervalMarker,1
org/jfree/chart/api/RectangleAlignment,1
org/jfree/chart/axis/SubCategoryAxis,1
org/jfree/chart/api/SortOrder,1
org/jfree/chart/renderer/category/AreaRenderer,1
org/jfree/data/xy/XYItemKey,1
org/jfree/chart/api/RectangleAnchor,1
org/jfree/chart/renderer/xy/SamplingXYLineRenderer$State,1
org/jfree/chart/title/Title,1
org/jfree/chart/plot/pie/PieLabelLinkStyle,1
org/jfree/chart/api/TableOrder,1
org/jfree/data/time/ohlc/OHLCSeriesCollection,1
org/jfree/data/time/TimePeriodAnchor,1
org/jfree/data/xy/XIntervalDataItem,1
org/jfree/chart/swing/DefaultSelectionZoomStrategy,1
org/jfree/chart/plot/CombinedRangeXYPlot,1
org/jfree/chart/axis/CategoryAnchor,1
org/jfree/chart/plot/CombinedRangeCategoryPlot,1
org/jfree/chart/title/ImageTitle,1
org/jfree/chart/swing/editor/DefaultChartEditorFactory,1
org/jfree/chart/axis/DateTickMarkPosition,1
org/jfree/chart/axis/TickType,1
org/jfree/data/xy/XIntervalSeries,1
org/jfree/chart/renderer/xy/VectorRenderer,1
org/jfree/chart/api/RectangleAlignment$1,1
org/jfree/chart/renderer/xy/XYAreaRenderer,1
org/jfree/chart/renderer/category/CategoryStepRenderer,1
org/jfree/chart/renderer/AbstractRenderer$1,1
org/jfree/chart/renderer/xy/ClusteredXYBarRenderer,1
org/jfree/data/KeyedValueComparator,1
org/jfree/chart/swing/editor/StrokeChooserPanel,1
org/jfree/chart/plot/dial/DialTextAnnotation,1
org/jfree/chart/plot/XYCrosshairState,1
org/jfree/chart/renderer/xy/YIntervalRenderer,1
org/jfree/chart/plot/PlotOrientation,1
org/jfree/data/xy/VectorDataItem,1
org/jfree/chart/swing/editor/StrokeSample,1
org/jfree/chart/util/GradientPaintTransformType,1
org/jfree/chart/renderer/xy/CandlestickRenderer,1
org/jfree/chart/axis/CategoryLabelWidthType,1
org/jfree/chart/renderer/xy/XYStepAreaRenderer,1
org/jfree/data/KeyedObjects2D,1
org/jfree/chart/renderer/xy/HighLowRenderer,1
org/jfree/chart/renderer/xy/XYSplineRenderer$XYSplineState,1
org/jfree/chart/api/RectangleAnchor$1,1
org/jfree/data/time/Month,1
org/jfree/chart/axis/ValueAxis,1
org/jfree/chart/plot/PolarAxisLocation,1
org/jfree/chart/ChartRenderingInfo,1
org/jfree/chart/axis/NumberTickUnit,1
org/jfree/chart/renderer/xy/SamplingXYLineRenderer,1
org/jfree/data/function/PowerFunction2D,1
org/jfree/chart/plot/CombinedDomainCategoryPlot,1
org/jfree/chart/entity/TickLabelEntity,1
org/jfree/chart/entity/JFreeChartEntity,1
org/jfree/chart/block/BlockContainer,1
org/jfree/chart/renderer/xy/StackedXYAreaRenderer2,1
org/jfree/data/statistics/SimpleHistogramDataset,1
org/jfree/data/time/TimeSeriesCollection,1
org/jfree/data/KeyedValues2DItemKey,1
org/jfree/chart/api/XYCoordinateType,1
org/jfree/data/xy/XYIntervalSeriesCollection,1
org/jfree/chart/api/HorizontalAlignment,1
org/jfree/chart/util/ExportUtils,1
org/jfree/data/statistics/HistogramDataset,1
org/jfree/chart/ChartHints,1
org/jfree/chart/axis/CyclicNumberAxis$CycleBoundTick,1
org/jfree/data/general/DefaultKeyedValuesDataset,1
org/jfree/chart/labels/StandardXYZToolTipGenerator,1
org/jfree/data/xy/YIntervalSeriesCollection,1
org/jfree/chart/block/AbstractBlock,1
org/jfree/data/time/ohlc/OHLCItem,1
org/jfree/data/function/PolynomialFunction2D,1
org/jfree/chart/encoders/SunJPEGEncoderAdapter,1
org/jfree/chart/plot/ValueMarker,1
org/jfree/chart/api/LengthAdjustmentType,1
org/jfree/data/general/DefaultKeyedValueDataset,1
org/jfree/data/xy/NormalizedMatrixSeries,1
org/jfree/chart/event/ChartChangeEvent,1
org/jfree/data/ComparableObjectItem,1
org/jfree/chart/renderer/category/BoxAndWhiskerRenderer,1
org/jfree/chart/renderer/category/StackedBarRenderer,1
org/jfree/chart/title/CompositeTitle,1
org/jfree/data/xy/YIntervalDataItem,1
org/jfree/chart/labels/ItemLabelAnchor,1
org/jfree/chart/text/TextBlockAnchor,1
org/jfree/chart/renderer/category/IntervalBarRenderer,1
org/jfree/chart/api/UnitType,1
org/jfree/data/time/TimeSeriesDataItem,1
org/jfree/chart/axis/CategoryAxis,1
org/jfree/chart/renderer/xy/XYSplineRenderer$FillType,1
org/jfree/chart/axis/DateTickUnitType,1
org/jfree/chart/renderer/category/WaterfallBarRenderer,1
org/jfree/data/general/DefaultKeyedValues2DDataset,1
org/jfree/chart/api/Layer,1
org/jfree/data/KeyToGroupMap,1
org/jfree/chart/encoders/ImageEncoderFactory,1
org/jfree/chart/renderer/xy/XYBarRenderer,1
org/jfree/chart/imagemap/ImageMapUtils,1
org/jfree/chart/renderer/xy/XYAreaRenderer$XYAreaRendererState,1
org/jfree/chart/plot/CenterTextMode,1
org/jfree/chart/api/Rotation,1
org/jfree/chart/renderer/xy/XYLineAndShapeRenderer,1
org/jfree/chart/renderer/category/GradientBarPainter,1
org/jfree/data/json/impl/JSONObject,1
org/jfree/chart/labels/HighLowItemLabelGenerator,1
org/jfree/data/gantt/TaskSeriesCollection,1
org/jfree/chart/text/G2TextMeasurer,1
org/jfree/chart/labels/StandardXYSeriesLabelGenerator,1
org/jfree/chart/plot/SeriesRenderingOrder,1
org/jfree/chart/axis/AxisLabelLocation,1
org/jfree/chart/ChartFactory,1
org/jfree/data/KeyedValueComparatorType,1
org/jfree/chart/entity/AxisEntity,1
org/jfree/chart/labels/StandardXYItemLabelGenerator,1
org/jfree/chart/renderer/category/GanttRenderer,1
org/jfree/chart/axis/DateTickUnit,0
org/jfree/data/general/KeyedValues2DDataset,0
org/jfree/chart/text/format/HexNumberFormat,0
org/jfree/chart/annotations/XYAnnotationBoundsInfo,0
org/jfree/chart/axis/TickUnit,0
org/jfree/chart/plot/PolarPlot,0
org/jfree/chart/text/format/package-info,0
org/jfree/data/flow/FlowKey,0
org/jfree/chart/event/AnnotationChangeListener,0
org/jfree/chart/swing/ChartFrame,0
org/jfree/chart/event/package-info,0
org/jfree/chart/imagemap/URLTagFragmentGenerator,0
org/jfree/chart/legend/LegendTitle,0
org/jfree/chart/renderer/xy/CyclicXYItemRenderer$OverwriteDataSet,0
org/jfree/chart/annotations/XYDataImageAnnotation,0
org/jfree/chart/text/TextMeasurer,0
org/jfree/chart/urls/XYZURLGenerator,0
org/jfree/chart/util/StandardGradientPaintTransformer,0
org/jfree/chart/imagemap/ToolTipTagFragmentGenerator,0
org/jfree/chart/axis/DateAxis$DefaultTimeline,0
org/jfree/chart/renderer/xy/XYItemRenderer,0
org/jfree/chart/api/package-info,0
org/jfree/chart/ChartColor,0
org/jfree/chart/block/EntityBlockResult,0
org/jfree/chart/ChartHints$Key,0
org/jfree/chart/swing/ChartPanel,0
org/jfree/chart/text/AttributedStringUtils,0
org/jfree/data/time/Week,0
org/jfree/chart/encoders/ImageFormat,0
org/jfree/chart/labels/StandardXYToolTipGenerator,0
org/jfree/chart/annotations/XYTitleAnnotation,0
org/jfree/data/statistics/DefaultBoxAndWhiskerXYDataset,0
org/jfree/chart/swing/OverlayChangeListener,0
org/jfree/data/json/impl/JSONAware,0
org/jfree/chart/util/StringUtils,0
org/jfree/chart/labels/StandardCrosshairLabelGenerator,0
org/jfree/chart/plot/compass/MeterNeedle,0
org/jfree/chart/plot/compass/LineNeedle,0
org/jfree/chart/axis/MonthDateFormat,0
org/jfree/chart/swing/editor/DefaultLogAxisEditor,0
org/jfree/chart/plot/ThermometerPlot,0
org/jfree/chart/ChartElementVisitor,0
org/jfree/data/flow/FlowDataset,0
org/jfree/chart/swing/ApplicationFrame,0
org/jfree/chart/text/TextUtils,0
org/jfree/chart/entity/NodeEntity,0
org/jfree/data/KeyedObject,0
org/jfree/chart/axis/TickUnitSource,0
org/jfree/chart/plot/compass/ShipNeedle,0
org/jfree/chart/text/TextFragment,0
org/jfree/chart/labels/XYToolTipGenerator,0
org/jfree/chart/urls/PieURLGenerator,0
org/jfree/chart/block/BorderArrangement,0
org/jfree/chart/plot/compass/CompassPlot,0
org/jfree/data/general/SeriesDataset,0
org/jfree/data/general/KeyedValueDataset,0
org/jfree/chart/imagemap/StandardURLTagFragmentGenerator,0
org/jfree/data/xy/XYDataset,0
org/jfree/chart/labels/AbstractXYItemLabelGenerator,0
org/jfree/chart/date/SerialDate,0
org/jfree/chart/annotations/XYDrawableAnnotation,0
org/jfree/data/category/IntervalCategoryDataset,0
org/jfree/chart/renderer/xy/AbstractXYItemRenderer,0
org/jfree/data/xy/XYInterval,0
org/jfree/chart/package-info,0
org/jfree/data/xy/DefaultHighLowDataset,0
org/jfree/data/xy/WindDataItem,0
org/jfree/chart/event/PlotChangeListener,0
org/jfree/data/time/Day,0
org/jfree/chart/renderer/xy/XYBarRenderer$XYBarRendererState,0
org/jfree/chart/labels/CategoryItemLabelGenerator,0
org/jfree/chart/renderer/DefaultPolarItemRenderer,0
org/jfree/chart/swing/PolarChartPanel,0
org/jfree/chart/util/PaintAlpha,0
org/jfree/data/time/DynamicTimeSeriesCollection$ValueSequence,0
org/jfree/chart/renderer/category/StandardBarPainter,0
org/jfree/chart/date/package-info,0
org/jfree/chart/swing/editor/FontDisplayField,0
org/jfree/data/DefaultKeyedValues,0
org/jfree/chart/labels/CategorySeriesLabelGenerator,0
org/jfree/chart/legend/package-info,0
org/jfree/chart/labels/package-info,0
org/jfree/chart/labels/AbstractPieItemLabelGenerator,0
org/jfree/chart/plot/compass/package-info,0
org/jfree/chart/swing/editor/DefaultValueAxisEditor,0
org/jfree/chart/internal/package-info,0
org/jfree/data/KeyedValuesItemKey,0
org/jfree/chart/axis/TickUnits,0
org/jfree/chart/renderer/category/BarPainter,0
org/jfree/data/statistics/MeanAndStandardDeviation,0
org/jfree/data/Range,0
org/jfree/chart/annotations/XYTextAnnotation,0
org/jfree/chart/axis/NumberTickUnitSource,0
org/jfree/chart/block/Size2D,0
org/jfree/chart/plot/PlotState,0
org/jfree/data/xy/WindDataset,0
org/jfree/data/Value,0
org/jfree/data/xy/DefaultWindDataset,0
org/jfree/data/general/PieDataset,0
org/jfree/chart/block/GridArrangement,0
org/jfree/chart/renderer/category/package-info,0
org/jfree/chart/plot/FastScatterPlot,0
org/jfree/data/time/TimePeriodValuesCollection,0
org/jfree/chart/plot/dial/DialPlot,0
org/jfree/chart/util/DirectionalGradientPaintTransformer,0
org/jfree/data/general/HeatMapDataset,0
org/jfree/data/xy/Vector,0
org/jfree/chart/renderer/xy/StandardXYItemRenderer$State,0
org/jfree/data/xy/DefaultOHLCDataset,0
org/jfree/data/xy/OHLCDataset,0
org/jfree/chart/block/LabelBlock,0
org/jfree/data/xml/PieDatasetHandler,0
org/jfree/chart/plot/CategoryMarker,0
org/jfree/chart/block/package-info,0
org/jfree/data/statistics/Statistics,0
org/jfree/chart/annotations/CategoryTextAnnotation,0
org/jfree/chart/axis/CompassFormat,0
org/jfree/chart/axis/package-info,0
org/jfree/chart/renderer/PaintScale,0
org/jfree/chart/axis/SymbolAxis,0
org/jfree/chart/labels/XYSeriesLabelGenerator,0
org/jfree/data/general/Dataset,0
org/jfree/chart/swing/editor/package-info,0
module-info,0
org/jfree/chart/plot/pie/PiePlotState,0
org/jfree/chart/swing/ChartMouseEvent,0
org/jfree/chart/plot/Pannable,0
org/jfree/chart/swing/editor/DefaultAxisEditor,0
org/jfree/chart/entity/PieSectionEntity,0
org/jfree/data/xml/ValueHandler,0
org/jfree/data/time/RegularTimePeriod,0
org/jfree/chart/renderer/xy/XYItemRendererState,0
org/jfree/chart/internal/HashUtils,0
org/jfree/chart/swing/ChartMouseListener,0
org/jfree/chart/plot/Zoomable,0
org/jfree/data/resources/DataPackageResources_fr,0
org/jfree/chart/swing/editor/LCBLayout,0
org/jfree/chart/urls/StandardXYURLGenerator,0
org/jfree/chart/renderer/xy/package-info,0
org/jfree/data/xml/KeyHandler,0
org/jfree/chart/text/format/RelativeDateFormat,0
org/jfree/chart/block/ColumnArrangement,0
org/jfree/chart/plot/compass/MiddlePinNeedle,0
org/jfree/data/resources/DataPackageResources_es,0
org/jfree/data/time/TimePeriodValues,0
org/jfree/chart/date/MonthConstants,0
org/jfree/chart/event/PlotChangeEvent,0
org/jfree/chart/text/TextBlock,0
org/jfree/data/xy/DefaultXYDataset,0
org/jfree/chart/renderer/category/CategoryItemRenderer,0
org/jfree/chart/urls/StandardCategoryURLGenerator,0
org/jfree/data/resources/DataPackageResources_de,0
org/jfree/chart/plot/pie/AbstractPieLabelDistributor,0
org/jfree/data/time/TimePeriodFormatException,0
org/jfree/data/xy/XYDomainInfo,0
org/jfree/chart/plot/dial/DialLayerChangeEvent,0
org/jfree/chart/renderer/category/ScatterRenderer,0
org/jfree/chart/encoders/ImageEncoder,0
org/jfree/data/statistics/BoxAndWhiskerXYDataset,0
org/jfree/data/time/TimeSeries,0
org/jfree/chart/plot/compass/PinNeedle,0
org/jfree/chart/urls/TimeSeriesURLGenerator,0
org/jfree/chart/event/RendererChangeListener,0
org/jfree/data/Values,0
org/jfree/chart/plot/MeterPlot,0
org/jfree/data/KeyedValues2D,0
org/jfree/data/xy/AbstractXYDataset,0
org/jfree/chart/util/ShadowGenerator,0
org/jfree/data/xy/AbstractXYZDataset,0
org/jfree/chart/block/BlockParams,0
org/jfree/data/ItemKey,0
org/jfree/data/category/CategoryRangeInfo,0
org/jfree/data/xy/DefaultXYZDataset,0
org/jfree/chart/internal/Args,0
org/jfree/chart/annotations/XYAnnotation,0
org/jfree/chart/labels/CategoryToolTipGenerator,0
org/jfree/chart/block/Arrangement,0
org/jfree/data/general/DefaultValueDataset,0
org/jfree/chart/entity/LegendItemEntity,0
org/jfree/data/xy/DefaultIntervalXYDataset,0
org/jfree/data/statistics/SimpleHistogramBin,0
org/jfree/chart/text/TextLine,0
org/jfree/data/time/SimpleTimePeriod,0
org/jfree/data/general/WaferMapDataset,0
org/jfree/chart/plot/pie/MultiplePiePlot,0
org/jfree/data/RangeInfo,0
org/jfree/data/resources/DataPackageResources,0
org/jfree/chart/entity/CategoryLabelEntity,0
org/jfree/chart/entity/FlowEntity,0
org/jfree/data/json/impl/package-info,0
org/jfree/chart/swing/editor/ChartEditor,0
org/jfree/data/xy/XYZDataset,0
org/jfree/chart/plot/dial/DialLayer,0
org/jfree/data/xy/XYCoordinate,0
org/jfree/chart/plot/compass/PointerNeedle,0
org/jfree/chart/plot/pie/PieLabelRecord,0
org/jfree/chart/plot/pie/PiePlot,0
org/jfree/chart/util/GradientPaintTransformer,0
org/jfree/chart/swing/NumberCellRenderer,0
org/jfree/chart/urls/XYURLGenerator,0
org/jfree/data/general/DatasetChangeListener,0
org/jfree/chart/entity/EntityCollection,0
org/jfree/chart/annotations/XYImageAnnotation,0
org/jfree/chart/annotations/package-info,0
org/jfree/chart/block/Block,0
org/jfree/chart/internal/ShapeUtils,0
org/jfree/chart/JFreeChart$1,0
org/jfree/chart/labels/FlowLabelGenerator,0
org/jfree/chart/labels/PieToolTipGenerator,0
org/jfree/chart/entity/package-info,0
org/jfree/data/gantt/GanttCategoryDataset,0
org/jfree/chart/text/format/HMSNumberFormat,0
org/jfree/chart/labels/AbstractCategoryItemLabelGenerator,0
org/jfree/chart/event/MarkerChangeEvent,0
org/jfree/chart/block/BlockFrame,0
org/jfree/data/UnknownKeyException,0
org/jfree/data/xml/RootHandler,0
org/jfree/chart/renderer/xy/XYBarPainter,0
org/jfree/chart/swing/editor/DefaultTitleEditor,0
org/jfree/data/general/AbstractSeriesDataset,0
org/jfree/chart/axis/MarkerAxisBand,0
org/jfree/chart/plot/package-info,0
org/jfree/chart/swing/editor/FontChooserPanel,0
org/jfree/chart/plot/compass/PlumNeedle,0
org/jfree/chart/block/FlowArrangement,0
org/jfree/chart/plot/compass/LongNeedle,0
org/jfree/data/xy/XIntervalSeriesCollection,0
org/jfree/chart/renderer/category/MinMaxCategoryRenderer$2,0
org/jfree/chart/axis/NumberTick,0
org/jfree/chart/renderer/category/MinMaxCategoryRenderer$1,0
org/jfree/chart/Drawable,0
org/jfree/data/xy/YisSymbolic,0
org/jfree/chart/internal/ArrayUtils,0
org/jfree/chart/util/package-info,0
org/jfree/data/KeyedValues,0
org/jfree/data/statistics/MultiValueCategoryDataset,0
org/jfree/data/io/CSV,0
org/jfree/chart/title/DateTitle,0
org/jfree/chart/plot/dial/DialFrame,0
org/jfree/chart/plot/DrawingSupplier,0
org/jfree/data/function/Function2D,0
org/jfree/chart/axis/CategoryLabelPosition,0
org/jfree/chart/labels/SymbolicXYItemLabelGenerator,0
org/jfree/chart/labels/StandardFlowLabelGenerator,0
org/jfree/data/xy/YWithXInterval,0
org/jfree/chart/labels/XYItemLabelGenerator,0
org/jfree/chart/annotations/TextAnnotation,0
org/jfree/data/time/FixedMillisecond,0
org/jfree/chart/urls/CategoryURLGenerator,0
org/jfree/data/general/SeriesChangeListener,0
org/jfree/chart/plot/WaferMapPlot,0
org/jfree/chart/urls/package-info,0
org/jfree/chart/swing/Overlay,0
org/jfree/data/general/SeriesChangeEvent,0
org/jfree/chart/labels/StandardCategoryItemLabelGenerator,0
org/jfree/chart/axis/CyclicNumberAxis,0
org/jfree/data/general/SeriesException,0
org/jfree/data/DefaultKeyedValue,0
org/jfree/data/statistics/HistogramBin,0
org/jfree/chart/event/ChartProgressListener,0
org/jfree/chart/legend/LegendItem,0
org/jfree/chart/renderer/WaferMapRenderer,0
org/jfree/chart/axis/StandardTickUnitSource,0
org/jfree/data/xy/YInterval,0
org/jfree/chart/annotations/CategoryAnnotation,0
org/jfree/chart/event/ChartChangeListener,0
org/jfree/chart/renderer/NotOutlierException,0
org/jfree/data/statistics/BoxAndWhiskerCategoryDataset,0
org/jfree/chart/plot/dial/DialLayerChangeListener,0
org/jfree/chart/plot/XYPlot,0
org/jfree/chart/renderer/AbstractRenderer,0
org/jfree/data/KeyedObjects,0
org/jfree/chart/text/format/LogFormat,0
org/jfree/chart/axis/DateTick,0
org/jfree/chart/ChartTheme,0
org/jfree/data/category/CategoryDataset,0
org/jfree/data/resources/DataPackageResources_ru,0
org/jfree/data/flow/NodeKey,0
org/jfree/chart/axis/AxisSpace,0
org/jfree/chart/renderer/xy/StackedXYBarRenderer,0
org/jfree/chart/title/ShortTextTitle,0
org/jfree/chart/axis/LogTick,0
org/jfree/chart/urls/CustomXYURLGenerator,0
org/jfree/chart/event/TitleChangeEvent,0
org/jfree/chart/imagemap/package-info,0
org/jfree/chart/legend/LegendItemSource,0
org/jfree/data/xy/IntervalXYZDataset,0
org/jfree/chart/event/AnnotationChangeEvent,0
org/jfree/chart/swing/editor/DefaultChartEditor,0
org/jfree/chart/swing/OverlayChangeEvent,0
org/jfree/chart/swing/UIUtils,0
org/jfree/data/xy/VectorXYDataset,0
org/jfree/chart/renderer/category/CategoryItemRendererState,0
org/jfree/chart/urls/CustomCategoryURLGenerator,0
org/jfree/chart/renderer/PolarItemRenderer,0
org/jfree/chart/labels/CrosshairLabelGenerator,0
org/jfree/chart/plot/compass/ArrowNeedle,0
org/jfree/chart/event/AxisChangeEvent,0
org/jfree/chart/api/PublicCloneable,0
org/jfree/chart/swing/SelectionZoomStrategy,0
org/jfree/data/gantt/Task,0
org/jfree/chart/block/CenterArrangement,0
org/jfree/data/xy/XYRangeInfo,0
org/jfree/chart/annotations/Annotation,0
org/jfree/data/xy/IntervalXYDataset,0
org/jfree/data/general/DatasetChangeEvent,0
org/jfree/chart/block/EntityBlockParams,0
org/jfree/data/xy/OHLCDataItem,0
org/jfree/chart/plot/SpiderWebPlot,0
org/jfree/data/general/KeyedValuesDataset,0
org/jfree/chart/plot/CategoryPlot,0
org/jfree/data/resources/DataPackageResources_pl,0
org/jfree/data/flow/package-info,0
org/jfree/data/statistics/BoxAndWhiskerItem,0
org/jfree/data/DomainInfo,0
org/jfree/chart/StandardChartTheme$1,0
org/jfree/data/xy/TableXYDataset,0
org/jfree/chart/annotations/AbstractXYAnnotation,0
org/jfree/chart/labels/ItemLabelPosition,0
org/jfree/data/xml/CategoryDatasetHandler,0
org/jfree/data/time/TimeSeriesTableModel,0
org/jfree/chart/annotations/AbstractAnnotation,0
org/jfree/data/Values2D,0
org/jfree/chart/labels/XYZToolTipGenerator,0
org/jfree/chart/renderer/xy/StackedXYAreaRenderer$StackedXYAreaRendererState,0
org/jfree/data/statistics/StatisticalCategoryDataset,0
org/jfree/chart/plot/CrosshairState,0
org/jfree/chart/event/RendererChangeEvent,0
org/jfree/chart/event/ChartProgressEvent,0
org/jfree/chart/plot/ValueAxisPlot,0
org/jfree/chart/labels/PieSectionLabelGenerator,0
org/jfree/chart/event/TitleChangeListener,0
org/jfree/chart/swing/editor/DefaultPlotEditor,0
org/jfree/chart/internal/PaintUtils,0
org/jfree/data/xy/XYSeriesCollection,0
org/jfree/data/statistics/Regression,0
org/jfree/chart/labels/StandardCategoryToolTipGenerator,0
org/jfree/chart/axis/AxisState,0
org/jfree/data/KeyedValue,0
org/jfree/chart/axis/LogarithmicAxis,0
org/jfree/data/json/impl/JSONValue,0
org/jfree/data/json/package-info,0
org/jfree/data/xy/AbstractIntervalXYDataset,0
org/jfree/data/xy/XisSymbolic,0
org/jfree/chart/axis/Tick,0
org/jfree/chart/plot/dial/package-info,0
org/jfree/chart/renderer/package-info,0
org/jfree/chart/util/AttrStringUtils,0
org/jfree/chart/plot/CategoryCrosshairState,0
org/jfree/chart/block/BlockResult,0
org/jfree/data/json/impl/JSONStreamAware,0
org/jfree/chart/plot/pie/package-info,0
org/jfree/chart/axis/Timeline,0
org/jfree/chart/legend/LegendGraphic,0
org/jfree/chart/swing/editor/PaintSample,0
org/jfree/chart/legend/PaintScaleLegend,0
org/jfree/chart/axis/QuarterDateFormat,0
org/jfree/data/general/ValueDataset,0
org/jfree/chart/renderer/xy/StandardXYBarPainter,0
org/jfree/chart/ChartElement,0
org/jfree/chart/text/package-info,0
org/jfree/chart/plot/flow/package-info,0
org/jfree/chart/renderer/GrayPaintScale,0
org/jfree/chart/swing/package-info,0
org/jfree/chart/title/package-info,0
org/jfree/chart/event/AxisChangeListener,0
org/jfree/chart/swing/editor/ChartEditorFactory,0
org/jfree/data/time/Quarter,0
org/jfree/chart/urls/StandardPieURLGenerator,0
org/jfree/chart/title/TextTitle,0
org/jfree/chart/encoders/package-info,0
org/jfree/data/xml/DatasetTags,0
org/jfree/chart/plot/dial/AbstractDialLayer,0
org/jfree/chart/event/MarkerChangeListener,0
org/jfree/data/time/TimePeriod,0
org/jfree/chart/plot/dial/DialScale,0
