Class, Fan-In
org/jfree/data/xy/XYDataset,39
org/jfree/chart/ChartTheme,32
org/jfree/data/UnknownKeyException,24
org/jfree/chart/util/GradientPaintTransformer,14
org/jfree/chart/api/PublicCloneable,14
org/jfree/data/time/TimePeriod,13
org/jfree/chart/internal/Args,12
org/jfree/chart/internal/HashUtils,11
org/jfree/data/xy/IntervalXYDataset,11
org/jfree/chart/labels/XYSeriesLabelGenerator,10
org/jfree/data/xy/VectorSeries,9
org/jfree/chart/ChartElementVisitor,9
org/jfree/chart/axis/TickUnitSource,8
org/jfree/data/xy/XIntervalSeries,8
org/jfree/chart/labels/CategorySeriesLabelGenerator,7
org/jfree/data/general/SeriesException,7
org/jfree/chart/internal/CloneUtils,7
org/jfree/chart/plot/PlotState,6
org/jfree/data/xy/XYIntervalSeries,6
org/jfree/chart/labels/XYToolTipGenerator,5
org/jfree/chart/renderer/category/BarPainter,5
org/jfree/data/xy/XYZDataset,5
org/jfree/chart/urls/XYURLGenerator,5
org/jfree/chart/Drawable,5
org/jfree/chart/block/EntityBlockParams,5
org/jfree/chart/plot/ValueAxisPlot,5
org/jfree/chart/block/BlockResult,5
org/jfree/chart/labels/AbstractXYItemLabelGenerator,4
org/jfree/data/xy/YIntervalSeries,4
org/jfree/chart/renderer/PaintScale,4
org/jfree/data/time/TimePeriodFormatException,4
org/jfree/data/time/TimeSeries,4
org/jfree/data/xml/RootHandler,4
org/jfree/data/xy/TableXYDataset,4
org/jfree/data/Values2D,4
org/jfree/data/KeyedValue,4
org/jfree/data/time/Year,3
org/jfree/chart/block/EntityBlockResult,3
org/jfree/chart/urls/PieURLGenerator,3
org/jfree/data/DefaultKeyedValues2D,3
org/jfree/chart/util/ShadowGenerator,3
org/jfree/chart/labels/CategoryToolTipGenerator,3
org/jfree/chart/block/BlockFrame,3
org/jfree/chart/renderer/xy/XYBarPainter,3
org/jfree/chart/axis/NumberTick,3
org/jfree/chart/labels/XYItemLabelGenerator,3
org/jfree/chart/urls/CategoryURLGenerator,3
org/jfree/chart/axis/LogTick,3
org/jfree/chart/swing/SelectionZoomStrategy,3
org/jfree/data/time/ohlc/OHLCItem,3
org/jfree/chart/date/SpreadsheetDate,2
org/jfree/chart/text/AttributedStringUtils,2
org/jfree/data/json/impl/JSONAware,2
org/jfree/data/flow/FlowDataset,2
org/jfree/chart/axis/AxisCollection,2
org/jfree/chart/labels/CategoryItemLabelGenerator,2
org/jfree/data/time/DynamicTimeSeriesCollection$ValueSequence,2
org/jfree/chart/labels/AbstractPieItemLabelGenerator,2
org/jfree/data/xy/OHLCDataset,2
org/jfree/chart/text/TextBlock,2
org/jfree/chart/plot/pie/AbstractPieLabelDistributor,2
org/jfree/chart/encoders/ImageEncoder,2
org/jfree/chart/event/RendererChangeListener,2
org/jfree/chart/annotations/XYAnnotation,2
org/jfree/data/RangeInfo,2
org/jfree/data/xy/XIntervalDataItem,2
org/jfree/chart/labels/PieToolTipGenerator,2
org/jfree/data/xy/VectorDataItem,2
org/jfree/data/io/CSV,2
org/jfree/data/KeyedObjects2D,2
org/jfree/data/general/SeriesChangeEvent,2
org/jfree/chart/internal/SerialUtils,2
org/jfree/chart/axis/CyclicNumberAxis$CycleBoundTick,2
org/jfree/chart/labels/CrosshairLabelGenerator,2
org/jfree/data/json/impl/JSONValue,2
org/jfree/chart/util/AttrStringUtils,2
org/jfree/chart/imagemap/ImageMapUtils,2
org/jfree/chart/annotations/XYAnnotationBoundsInfo,1
org/jfree/chart/axis/TickUnit,1
org/jfree/chart/event/AnnotationChangeListener,1
org/jfree/chart/imagemap/URLTagFragmentGenerator,1
org/jfree/data/statistics/BoxAndWhiskerCalculator,1
org/jfree/chart/text/TextMeasurer,1
org/jfree/chart/imagemap/ToolTipTagFragmentGenerator,1
org/jfree/chart/renderer/xy/DeviationRenderer$State,1
org/jfree/chart/renderer/xy/XYItemRenderer,1
org/jfree/data/time/Week,1
org/jfree/chart/labels/StandardXYToolTipGenerator,1
org/jfree/chart/swing/OverlayChangeListener,1
org/jfree/chart/util/StringUtils,1
org/jfree/chart/internal/LineUtils,1
org/jfree/data/general/Series,1
org/jfree/chart/axis/ValueTick,1
org/jfree/chart/renderer/category/CategoryStepRenderer$State,1
org/jfree/chart/renderer/xy/DeviationRenderer,1
org/jfree/data/xy/DefaultHighLowDataset,1
org/jfree/chart/event/PlotChangeListener,1
org/jfree/chart/swing/MouseWheelHandler,1
org/jfree/data/xy/XYIntervalDataItem,1
org/jfree/chart/renderer/xy/XYBarRenderer$XYBarRendererState,1
org/jfree/chart/swing/PolarChartPanel,1
org/jfree/chart/ChartTransferable,1
org/jfree/data/time/MovingAverage,1
org/jfree/chart/legend/LegendItemCollection,1
org/jfree/data/xy/WindDataset,1
org/jfree/chart/renderer/RendererUtils,1
org/jfree/chart/renderer/xy/StandardXYItemRenderer$State,1
org/jfree/chart/encoders/SunPNGEncoderAdapter,1
org/jfree/chart/annotations/CategoryTextAnnotation,1
org/jfree/chart/plot/pie/PiePlotState,1
org/jfree/chart/plot/Pannable,1
org/jfree/data/xml/ValueHandler,1
org/jfree/chart/renderer/xy/XYItemRendererState,1
org/jfree/chart/swing/ChartMouseListener,1
org/jfree/chart/plot/Zoomable,1
org/jfree/data/xml/KeyHandler,1
org/jfree/data/time/TimePeriodValues,1
org/jfree/chart/renderer/category/CategoryItemRenderer,1
org/jfree/data/xy/XYDomainInfo,1
org/jfree/chart/swing/AbstractOverlay,1
org/jfree/data/flow/FlowDatasetUtils,1
org/jfree/data/xml/DatasetReader,1
org/jfree/data/KeyedValues2D,1
org/jfree/data/ItemKey,1
org/jfree/data/category/CategoryRangeInfo,1
org/jfree/data/category/DefaultIntervalCategoryDataset,1
org/jfree/chart/block/Arrangement,1
org/jfree/data/general/DatasetUtils,1
org/jfree/chart/swing/editor/ChartEditor,1
org/jfree/chart/plot/dial/DialLayer,1
org/jfree/chart/plot/pie/PieLabelRecord,1
org/jfree/data/general/DatasetChangeListener,1
org/jfree/chart/block/Block,1
org/jfree/chart/labels/FlowLabelGenerator,1
org/jfree/data/KeyedValues,1
org/jfree/chart/plot/dial/DialFrame,1
org/jfree/chart/plot/DrawingSupplier,1
org/jfree/data/function/Function2D,1
org/jfree/chart/axis/CategoryLabelPosition,1
org/jfree/chart/renderer/xy/XYStepAreaRenderer,1
org/jfree/chart/renderer/xy/XYSplineRenderer$XYSplineState,1
org/jfree/data/general/SeriesChangeListener,1
org/jfree/chart/swing/Overlay,1
org/jfree/data/time/Month,1
org/jfree/chart/event/ChartProgressListener,1
org/jfree/chart/renderer/WaferMapRenderer,1
org/jfree/chart/annotations/CategoryAnnotation,1
org/jfree/chart/event/ChartChangeListener,1
org/jfree/chart/axis/NumberTickUnit,1
org/jfree/chart/encoders/EncoderUtil,1
org/jfree/chart/entity/TickLabelEntity,1
org/jfree/chart/plot/dial/DialLayerChangeListener,1
org/jfree/chart/legend/LegendItemSource,1
org/jfree/data/xy/IntervalXYZDataset,1
org/jfree/chart/swing/OverlayChangeEvent,1
org/jfree/chart/renderer/category/CategoryItemRendererState,1
org/jfree/chart/event/AxisChangeEvent,1
org/jfree/data/xy/XYRangeInfo,1
org/jfree/data/general/DatasetChangeEvent,1
org/jfree/chart/encoders/SunJPEGEncoderAdapter,1
org/jfree/data/json/JSONUtils,1
org/jfree/data/DomainInfo,1
org/jfree/chart/renderer/OutlierListCollection,1
org/jfree/chart/renderer/category/StackedBarRenderer,1
org/jfree/data/xy/YIntervalDataItem,1
org/jfree/chart/renderer/category/IntervalBarRenderer,1
org/jfree/chart/axis/CategoryAxis,1
org/jfree/chart/renderer/xy/StackedXYAreaRenderer$StackedXYAreaRendererState,1
org/jfree/chart/event/RendererChangeEvent,1
org/jfree/chart/renderer/OutlierList,1
org/jfree/chart/event/TitleChangeListener,1
org/jfree/data/statistics/Regression,1
org/jfree/chart/labels/StandardCategoryToolTipGenerator,1
org/jfree/chart/axis/AxisState,1
org/jfree/data/KeyToGroupMap,1
org/jfree/chart/plot/CategoryCrosshairState,1
org/jfree/data/json/impl/JSONStreamAware,1
org/jfree/chart/renderer/xy/XYAreaRenderer$XYAreaRendererState,1
org/jfree/data/gantt/TaskSeriesCollection,1
org/jfree/chart/event/AxisChangeListener,1
org/jfree/chart/swing/editor/ChartEditorFactory,1
org/jfree/chart/event/MarkerChangeListener,1
org/jfree/chart/plot/PlotRenderingInfo,0
org/jfree/chart/axis/DateTickUnit,0
org/jfree/data/general/KeyedValues2DDataset,0
org/jfree/chart/swing/editor/DefaultPolarPlotEditor,0
org/jfree/chart/plot/CombinedDomainXYPlot,0
org/jfree/chart/renderer/LookupPaintScale$PaintItem,0
org/jfree/chart/text/format/HexNumberFormat,0
org/jfree/chart/labels/IntervalXYItemLabelGenerator,0
org/jfree/chart/renderer/xy/WindItemRenderer,0
org/jfree/chart/plot/PolarPlot,0
org/jfree/chart/labels/StandardPieToolTipGenerator,0
org/jfree/data/time/DynamicTimeSeriesCollection,0
org/jfree/chart/text/format/package-info,0
org/jfree/chart/imagemap/StandardToolTipTagFragmentGenerator,0
org/jfree/chart/plot/DatasetRenderingOrder,0
org/jfree/chart/block/RectangleConstraint,0
org/jfree/chart/axis/AxisLocation,0
org/jfree/data/flow/FlowKey,0
org/jfree/chart/plot/DialShape,0
org/jfree/chart/labels/IntervalXYToolTipGenerator,0
org/jfree/data/xy/DefaultTableXYDataset,0
org/jfree/chart/plot/pie/PieLabelDistributor,0
org/jfree/chart/swing/ChartFrame,0
org/jfree/chart/event/package-info,0
org/jfree/chart/imagemap/DynamicDriveToolTipTagFragmentGenerator,0
org/jfree/chart/renderer/xy/StandardXYItemRenderer,0
org/jfree/chart/entity/StandardEntityCollection,0
org/jfree/chart/plot/dial/StandardDialRange,0
org/jfree/chart/urls/CustomPieURLGenerator,0
org/jfree/chart/renderer/xy/CyclicXYItemRenderer,0
org/jfree/chart/plot/Plot,0
org/jfree/data/xy/XYBarDataset,0
org/jfree/chart/plot/dial/StandardDialScale,0
org/jfree/chart/legend/LegendTitle,0
org/jfree/data/statistics/HistogramType,0
org/jfree/chart/api/RectangleEdge$1,0
org/jfree/data/xy/XYDatasetTableModel,0
org/jfree/chart/renderer/xy/CyclicXYItemRenderer$OverwriteDataSet,0
org/jfree/data/statistics/DefaultMultiValueCategoryDataset,0
org/jfree/chart/annotations/XYDataImageAnnotation,0
org/jfree/chart/axis/ModuloAxis,0
org/jfree/chart/text/TextBox,0
org/jfree/data/function/LineFunction2D,0
org/jfree/chart/urls/XYZURLGenerator,0
org/jfree/chart/util/StandardGradientPaintTransformer,0
org/jfree/chart/legend/LegendRenderingOrder,0
org/jfree/chart/axis/DateAxis$DefaultTimeline,0
org/jfree/chart/api/package-info,0
org/jfree/chart/ChartColor,0
org/jfree/chart/ChartHints$Key,0
org/jfree/chart/swing/ChartPanel,0
org/jfree/chart/entity/TitleEntity,0
org/jfree/chart/encoders/ImageFormat,0
org/jfree/chart/annotations/XYTitleAnnotation,0
org/jfree/data/statistics/DefaultBoxAndWhiskerXYDataset,0
org/jfree/data/general/AbstractDataset,0
org/jfree/chart/title/ImageTitle$1,0
org/jfree/chart/api/VerticalAlignment,0
org/jfree/chart/renderer/LookupPaintScale,0
org/jfree/chart/labels/IntervalCategoryToolTipGenerator,0
org/jfree/chart/renderer/xy/XYDifferenceRenderer,0
org/jfree/chart/plot/dial/DialPointer$Pin,0
org/jfree/chart/renderer/xy/XYBoxAndWhiskerRenderer,0
org/jfree/data/time/Minute,0
org/jfree/chart/axis/AxisCollection$1,0
org/jfree/chart/labels/StandardCrosshairLabelGenerator,0
org/jfree/chart/plot/compass/MeterNeedle,0
org/jfree/chart/plot/compass/LineNeedle,0
org/jfree/chart/axis/MonthDateFormat,0
org/jfree/chart/labels/IntervalCategoryItemLabelGenerator,0
org/jfree/data/json/impl/JSONArray,0
org/jfree/chart/annotations/CategoryLineAnnotation,0
org/jfree/chart/swing/editor/DefaultLogAxisEditor,0
org/jfree/chart/axis/NumberAxis,0
org/jfree/chart/plot/ThermometerPlot,0
org/jfree/chart/swing/ApplicationFrame,0
org/jfree/chart/block/ColorBlock,0
org/jfree/chart/entity/ChartEntity,0
org/jfree/chart/text/TextUtils,0
org/jfree/chart/entity/NodeEntity,0
org/jfree/data/KeyedObject,0
org/jfree/chart/plot/compass/ShipNeedle,0
org/jfree/chart/renderer/category/MinMaxCategoryRenderer,0
org/jfree/chart/plot/RingPlot,0
org/jfree/chart/text/TextFragment,0
org/jfree/data/general/DefaultPieDataset,0
org/jfree/chart/JFreeChart,0
org/jfree/chart/renderer/category/LevelRenderer,0
org/jfree/chart/entity/XYAnnotationEntity,0
org/jfree/chart/renderer/AreaRendererEndType,0
org/jfree/chart/block/BorderArrangement,0
org/jfree/chart/plot/compass/CompassPlot,0
org/jfree/chart/renderer/xy/DefaultXYItemRenderer,0
org/jfree/data/general/SeriesDataset,0
org/jfree/chart/plot/dial/StandardDialFrame,0
org/jfree/data/time/ohlc/OHLCSeries,0
org/jfree/data/general/KeyedValueDataset,0
org/jfree/chart/imagemap/StandardURLTagFragmentGenerator,0
org/jfree/chart/entity/CategoryItemEntity,0
org/jfree/chart/date/SerialDate,0
org/jfree/chart/renderer/xy/XYLineAndShapeRenderer$State,0
org/jfree/chart/annotations/XYDrawableAnnotation,0
org/jfree/data/category/IntervalCategoryDataset,0
org/jfree/chart/renderer/xy/AbstractXYItemRenderer,0
org/jfree/data/xy/XYInterval,0
org/jfree/chart/labels/BoxAndWhiskerXYToolTipGenerator,0
org/jfree/chart/plot/dial/DialPointer$Pointer,0
org/jfree/chart/package-info,0
org/jfree/data/time/Second,0
org/jfree/data/xy/WindDataItem,0
org/jfree/data/gantt/XYTaskDataset,0
org/jfree/chart/renderer/category/LayeredBarRenderer,0
org/jfree/data/time/Day,0
org/jfree/chart/block/EmptyBlock,0
org/jfree/chart/block/LengthConstraintType,0
org/jfree/chart/renderer/DefaultPolarItemRenderer,0
org/jfree/data/time/TimePeriodValue,0
org/jfree/chart/renderer/xy/XYAreaRenderer2,0
org/jfree/chart/util/PaintAlpha,0
org/jfree/data/general/DefaultHeatMapDataset,0
org/jfree/chart/swing/CrosshairOverlay,0
org/jfree/chart/imagemap/OverLIBToolTipTagFragmentGenerator,0
org/jfree/chart/plot/dial/DialValueIndicator,0
org/jfree/chart/labels/BubbleXYItemLabelGenerator,0
org/jfree/chart/renderer/category/StandardBarPainter,0
org/jfree/chart/date/package-info,0
org/jfree/chart/swing/editor/FontDisplayField,0
org/jfree/chart/StandardChartTheme,0
org/jfree/chart/axis/AxisLocation$1,0
org/jfree/chart/legend/LegendGraphic$1,0
org/jfree/data/DefaultKeyedValues,0
org/jfree/data/flow/DefaultFlowDataset,0
org/jfree/chart/util/DefaultShadowGenerator,0
org/jfree/chart/legend/package-info,0
org/jfree/chart/event/ChartProgressEventType,0
org/jfree/chart/labels/package-info,0
org/jfree/chart/plot/compass/package-info,0
org/jfree/chart/axis/DateAxis,0
org/jfree/chart/swing/editor/DefaultValueAxisEditor,0
org/jfree/chart/annotations/XYBoxAnnotation,0
org/jfree/chart/internal/package-info,0
org/jfree/data/KeyedValuesItemKey,0
org/jfree/chart/axis/TickUnits,0
org/jfree/chart/renderer/category/StatisticalBarRenderer,0
org/jfree/data/statistics/MeanAndStandardDeviation,0
org/jfree/data/DataUtils,0
org/jfree/chart/plot/dial/DialPointer,0
org/jfree/data/xml/ItemHandler,0
org/jfree/chart/renderer/xy/XYBubbleRenderer,0
org/jfree/chart/annotations/CategoryPointerAnnotation,0
org/jfree/chart/labels/StandardCategorySeriesLabelGenerator,0
org/jfree/chart/plot/flow/FlowPlot,0
org/jfree/chart/renderer/xy/XYErrorRenderer,0
org/jfree/chart/api/RectangleEdge,0
org/jfree/chart/plot/dial/DialBackground,0
org/jfree/data/Range,0
org/jfree/chart/annotations/XYTextAnnotation,0
org/jfree/chart/axis/NumberTickUnitSource,0
org/jfree/chart/block/Size2D,0
org/jfree/chart/axis/LogAxis,0
org/jfree/data/Value,0
org/jfree/data/xy/DefaultWindDataset,0
org/jfree/chart/renderer/RendererState,0
org/jfree/data/time/TimeTableXYDataset,0
org/jfree/data/general/PieDataset,0
org/jfree/chart/block/GridArrangement,0
org/jfree/chart/renderer/category/package-info,0
org/jfree/chart/renderer/category/DefaultCategoryItemRenderer,0
org/jfree/chart/plot/FastScatterPlot,0
org/jfree/data/time/TimePeriodValuesCollection,0
org/jfree/data/xy/CategoryTableXYDataset,0
org/jfree/chart/plot/dial/DialPlot,0
org/jfree/chart/util/DirectionalGradientPaintTransformer,0
org/jfree/data/general/HeatMapDataset,0
org/jfree/data/xy/Vector,0
org/jfree/data/xy/DefaultOHLCDataset,0
org/jfree/data/time/Millisecond,0
org/jfree/chart/block/LabelBlock,0
org/jfree/data/xml/PieDatasetHandler,0
org/jfree/chart/plot/DefaultDrawingSupplier,0
org/jfree/data/gantt/SlidingGanttCategoryDataset,0
org/jfree/chart/renderer/xy/GradientXYBarPainter,0
org/jfree/chart/block/BlockBorder,0
org/jfree/chart/plot/CategoryMarker,0
org/jfree/chart/block/package-info,0
org/jfree/data/statistics/Statistics,0
org/jfree/chart/axis/CompassFormat,0
org/jfree/chart/axis/package-info,0
org/jfree/chart/renderer/category/StackedAreaRenderer,0
org/jfree/chart/plot/Crosshair,0
org/jfree/chart/axis/SymbolAxis,0
org/jfree/data/xy/MatrixSeriesCollection,0
org/jfree/data/xy/XYDataItem,0
org/jfree/chart/swing/editor/ChartEditorManager,0
org/jfree/data/category/DefaultCategoryDataset,0
org/jfree/data/general/Dataset,0
org/jfree/data/time/ohlc/OHLC,0
org/jfree/chart/axis/CategoryTick,0
org/jfree/chart/swing/editor/package-info,0
org/jfree/chart/labels/StandardPieSectionLabelGenerator,0
module-info,0
org/jfree/data/function/NormalDistributionFunction2D,0
org/jfree/chart/swing/ChartMouseEvent,0
org/jfree/chart/event/ChartChangeEventType,0
org/jfree/chart/entity/PlotEntity,0
org/jfree/chart/swing/editor/DefaultAxisEditor,0
org/jfree/chart/entity/PieSectionEntity,0
org/jfree/chart/axis/Axis,0
org/jfree/data/time/RegularTimePeriod,0
org/jfree/chart/plot/Plot$1,0
org/jfree/data/general/HeatMapUtils,0
org/jfree/data/RangeType,0
org/jfree/data/resources/DataPackageResources_fr,0
org/jfree/chart/swing/editor/LCBLayout,0
org/jfree/chart/axis/PeriodAxisLabelInfo,0
org/jfree/chart/api/RectangleInsets,0
org/jfree/chart/urls/StandardXYURLGenerator,0
org/jfree/chart/renderer/category/BarRenderer,0
org/jfree/chart/renderer/xy/package-info,0
org/jfree/chart/renderer/xy/XYDotRenderer,0
org/jfree/chart/text/format/RelativeDateFormat,0
org/jfree/chart/renderer/category/LineAndShapeRenderer,0
org/jfree/chart/block/ColumnArrangement,0
org/jfree/chart/plot/compass/MiddlePinNeedle,0
org/jfree/chart/renderer/xy/XYSplineRenderer,0
org/jfree/data/resources/DataPackageResources_es,0
org/jfree/chart/date/MonthConstants,0
org/jfree/chart/event/PlotChangeEvent,0
org/jfree/data/xy/DefaultXYDataset,0
org/jfree/chart/labels/BoxAndWhiskerToolTipGenerator,0
org/jfree/chart/urls/StandardCategoryURLGenerator,0
org/jfree/data/resources/DataPackageResources_de,0
org/jfree/chart/axis/ExtendedCategoryAxis,0
org/jfree/chart/plot/dial/DialLayerChangeEvent,0
org/jfree/chart/renderer/category/ScatterRenderer,0
org/jfree/chart/axis/AxisState$1,0
org/jfree/chart/renderer/category/StatisticalLineAndShapeRenderer,0
org/jfree/chart/renderer/xy/XYStepRenderer,0
org/jfree/chart/renderer/xy/DeviationStepRenderer,0
org/jfree/data/statistics/BoxAndWhiskerXYDataset,0
org/jfree/chart/plot/compass/PinNeedle,0
org/jfree/chart/plot/compass/WindNeedle,0
org/jfree/chart/renderer/xy/XYShapeRenderer,0
org/jfree/chart/urls/TimeSeriesURLGenerator,0
org/jfree/data/Values,0
org/jfree/chart/plot/MeterPlot,0
org/jfree/chart/urls/StandardXYZURLGenerator,0
org/jfree/chart/axis/Axis$1,0
org/jfree/chart/renderer/category/GroupedStackedBarRenderer,0
org/jfree/chart/text/TextAnchor,0
org/jfree/data/xy/AbstractXYDataset,0
org/jfree/data/xy/AbstractXYZDataset,0
org/jfree/chart/block/BlockParams,0
org/jfree/chart/ChartUtils,0
org/jfree/chart/renderer/Outlier,0
org/jfree/data/DomainOrder,0
org/jfree/data/xy/DefaultXYZDataset,0
org/jfree/data/xy/VectorSeriesCollection,0
org/jfree/chart/plot/IntervalMarker,0
org/jfree/data/general/DefaultValueDataset,0
org/jfree/chart/api/RectangleAlignment,0
org/jfree/chart/axis/SubCategoryAxis,0
org/jfree/chart/entity/LegendItemEntity,0
org/jfree/chart/api/SortOrder,0
org/jfree/chart/annotations/XYPointerAnnotation,0
org/jfree/data/xy/DefaultIntervalXYDataset,0
org/jfree/chart/renderer/category/AreaRenderer,0
org/jfree/data/statistics/SimpleHistogramBin,0
org/jfree/data/xy/XYItemKey,0
org/jfree/chart/text/TextLine,0
org/jfree/data/time/SimpleTimePeriod,0
org/jfree/data/general/WaferMapDataset,0
org/jfree/chart/plot/pie/MultiplePiePlot,0
org/jfree/chart/api/RectangleAnchor,0
org/jfree/chart/renderer/xy/SamplingXYLineRenderer$State,0
org/jfree/chart/title/Title,0
org/jfree/chart/plot/pie/PieLabelLinkStyle,0
org/jfree/data/resources/DataPackageResources,0
org/jfree/chart/entity/CategoryLabelEntity,0
org/jfree/chart/entity/FlowEntity,0
org/jfree/chart/annotations/XYPolygonAnnotation,0
org/jfree/data/json/impl/package-info,0
org/jfree/chart/api/TableOrder,0
org/jfree/data/time/ohlc/OHLCSeriesCollection,0
org/jfree/data/xy/XYCoordinate,0
org/jfree/chart/plot/compass/PointerNeedle,0
org/jfree/data/time/TimePeriodAnchor,0
org/jfree/chart/plot/pie/PiePlot,0
org/jfree/chart/swing/DefaultSelectionZoomStrategy,0
org/jfree/chart/plot/CombinedRangeXYPlot,0
org/jfree/chart/axis/CategoryAnchor,0
org/jfree/chart/plot/CombinedRangeCategoryPlot,0
org/jfree/chart/swing/NumberCellRenderer,0
org/jfree/chart/title/ImageTitle,0
org/jfree/chart/entity/EntityCollection,0
org/jfree/data/time/Hour,0
org/jfree/chart/swing/editor/DefaultChartEditorFactory,0
org/jfree/chart/annotations/XYImageAnnotation,0
org/jfree/data/statistics/DefaultStatisticalCategoryDataset,0
org/jfree/chart/axis/DateTickMarkPosition,0
org/jfree/chart/axis/TickType,0
org/jfree/chart/annotations/package-info,0
org/jfree/chart/internal/ShapeUtils,0
org/jfree/chart/JFreeChart$1,0
org/jfree/chart/renderer/xy/VectorRenderer,0
org/jfree/chart/api/RectangleAlignment$1,0
org/jfree/chart/JFreeChart$2,0
org/jfree/chart/renderer/xy/XYAreaRenderer,0
org/jfree/chart/renderer/category/CategoryStepRenderer,0
org/jfree/data/xy/MatrixSeries,0
org/jfree/chart/renderer/AbstractRenderer$1,0
org/jfree/chart/renderer/xy/ClusteredXYBarRenderer,0
org/jfree/chart/entity/package-info,0
org/jfree/data/gantt/GanttCategoryDataset,0
org/jfree/chart/text/format/HMSNumberFormat,0
org/jfree/chart/labels/AbstractCategoryItemLabelGenerator,0
org/jfree/chart/plot/dial/ArcDialFrame,0
org/jfree/data/KeyedValueComparator,0
org/jfree/chart/event/MarkerChangeEvent,0
org/jfree/chart/swing/editor/StrokeChooserPanel,0
org/jfree/chart/plot/MeterInterval,0
org/jfree/chart/swing/editor/DefaultTitleEditor,0
org/jfree/data/xy/IntervalXYDelegate,0
org/jfree/chart/plot/dial/DialTextAnnotation,0
org/jfree/chart/plot/XYCrosshairState,0
org/jfree/data/general/AbstractSeriesDataset,0
org/jfree/chart/axis/MarkerAxisBand,0
org/jfree/chart/labels/MultipleXYSeriesLabelGenerator,0
org/jfree/chart/entity/XYItemEntity,0
org/jfree/chart/renderer/xy/XYBlockRenderer,0
org/jfree/chart/annotations/XYLineAnnotation,0
org/jfree/chart/plot/package-info,0
org/jfree/chart/swing/editor/FontChooserPanel,0
org/jfree/chart/plot/compass/PlumNeedle,0
org/jfree/chart/block/FlowArrangement,0
org/jfree/chart/plot/compass/LongNeedle,0
org/jfree/chart/renderer/xy/YIntervalRenderer,0
org/jfree/data/xy/XIntervalSeriesCollection,0
org/jfree/chart/renderer/category/MinMaxCategoryRenderer$2,0
org/jfree/chart/renderer/category/MinMaxCategoryRenderer$1,0
org/jfree/chart/plot/PlotOrientation,0
org/jfree/data/xy/YisSymbolic,0
org/jfree/chart/swing/editor/StrokeSample,0
org/jfree/chart/labels/CustomXYToolTipGenerator,0
org/jfree/chart/internal/ArrayUtils,0
org/jfree/chart/util/package-info,0
org/jfree/data/statistics/MultiValueCategoryDataset,0
org/jfree/chart/title/DateTitle,0
org/jfree/chart/util/GradientPaintTransformType,0
org/jfree/chart/block/LineBorder,0
org/jfree/chart/renderer/xy/CandlestickRenderer,0
org/jfree/chart/axis/CategoryLabelWidthType,0
org/jfree/chart/labels/SymbolicXYItemLabelGenerator,0
org/jfree/chart/labels/StandardFlowLabelGenerator,0
org/jfree/data/xy/YWithXInterval,0
org/jfree/chart/annotations/TextAnnotation,0
org/jfree/chart/renderer/xy/HighLowRenderer,0
org/jfree/data/time/FixedMillisecond,0
org/jfree/data/statistics/DefaultBoxAndWhiskerCategoryDataset,0
org/jfree/chart/plot/WaferMapPlot,0
org/jfree/chart/urls/package-info,0
org/jfree/chart/api/RectangleAnchor$1,0
org/jfree/chart/axis/ValueAxis,0
org/jfree/chart/labels/StandardCategoryItemLabelGenerator,0
org/jfree/chart/axis/CyclicNumberAxis,0
org/jfree/chart/plot/PolarAxisLocation,0
org/jfree/data/DefaultKeyedValue,0
org/jfree/data/statistics/HistogramBin,0
org/jfree/chart/ChartRenderingInfo,0
org/jfree/chart/legend/LegendItem,0
org/jfree/chart/axis/StandardTickUnitSource,0
org/jfree/data/xy/YInterval,0
org/jfree/chart/renderer/xy/SamplingXYLineRenderer,0
org/jfree/data/function/PowerFunction2D,0
org/jfree/data/category/SlidingCategoryDataset,0
org/jfree/chart/plot/CombinedDomainCategoryPlot,0
org/jfree/chart/renderer/NotOutlierException,0
org/jfree/data/statistics/BoxAndWhiskerCategoryDataset,0
org/jfree/chart/entity/JFreeChartEntity,0
org/jfree/chart/block/BlockContainer,0
org/jfree/chart/plot/XYPlot,0
org/jfree/chart/renderer/AbstractRenderer,0
org/jfree/chart/renderer/xy/StackedXYAreaRenderer2,0
org/jfree/data/KeyedObjects,0
org/jfree/data/statistics/SimpleHistogramDataset,0
org/jfree/data/time/TimeSeriesCollection,0
org/jfree/chart/renderer/xy/StackedXYAreaRenderer,0
org/jfree/chart/text/format/LogFormat,0
org/jfree/data/KeyedValues2DItemKey,0
org/jfree/chart/axis/DateTick,0
org/jfree/chart/api/XYCoordinateType,0
org/jfree/chart/annotations/XYShapeAnnotation,0
org/jfree/data/gantt/TaskSeries,0
org/jfree/data/category/CategoryDataset,0
org/jfree/data/resources/DataPackageResources_ru,0
org/jfree/data/xy/XYIntervalSeriesCollection,0
org/jfree/data/ComparableObjectSeries,0
org/jfree/data/flow/NodeKey,0
org/jfree/chart/api/HorizontalAlignment,0
org/jfree/chart/axis/AxisSpace,0
org/jfree/chart/renderer/xy/StackedXYBarRenderer,0
org/jfree/chart/util/ExportUtils,0
org/jfree/data/statistics/HistogramDataset,0
org/jfree/chart/title/ShortTextTitle,0
org/jfree/chart/ChartHints,0
org/jfree/chart/urls/CustomXYURLGenerator,0
org/jfree/chart/event/TitleChangeEvent,0
org/jfree/chart/imagemap/package-info,0
org/jfree/chart/event/AnnotationChangeEvent,0
org/jfree/chart/swing/editor/DefaultChartEditor,0
org/jfree/chart/swing/UIUtils,0
org/jfree/data/xy/VectorXYDataset,0
org/jfree/chart/legend/LegendItemBlockContainer,0
org/jfree/data/general/DefaultKeyedValuesDataset,0
org/jfree/chart/urls/CustomCategoryURLGenerator,0
org/jfree/chart/labels/StandardXYZToolTipGenerator,0
org/jfree/chart/renderer/PolarItemRenderer,0
org/jfree/data/xy/YIntervalSeriesCollection,0
org/jfree/chart/block/AbstractBlock,0
org/jfree/chart/plot/compass/ArrowNeedle,0
org/jfree/data/gantt/Task,0
org/jfree/chart/block/CenterArrangement,0
org/jfree/chart/annotations/Annotation,0
org/jfree/data/function/PolynomialFunction2D,0
org/jfree/data/xy/OHLCDataItem,0
org/jfree/chart/plot/ValueMarker,0
org/jfree/chart/api/LengthAdjustmentType,0
org/jfree/chart/plot/SpiderWebPlot,0
org/jfree/data/general/KeyedValuesDataset,0
org/jfree/chart/plot/CategoryPlot,0
org/jfree/chart/plot/Marker,0
org/jfree/chart/renderer/category/AbstractCategoryItemRenderer,0
org/jfree/data/resources/DataPackageResources_pl,0
org/jfree/data/general/DefaultKeyedValueDataset,0
org/jfree/data/flow/package-info,0
org/jfree/data/statistics/BoxAndWhiskerItem,0
org/jfree/chart/StandardChartTheme$1,0
org/jfree/data/xy/NormalizedMatrixSeries,0
org/jfree/chart/event/ChartChangeEvent,0
org/jfree/data/ComparableObjectItem,0
org/jfree/chart/swing/editor/DefaultNumberAxisEditor,0
org/jfree/chart/renderer/category/BoxAndWhiskerRenderer,0
org/jfree/chart/title/CompositeTitle,0
org/jfree/chart/annotations/AbstractXYAnnotation,0
org/jfree/chart/labels/ItemLabelPosition,0
org/jfree/data/xml/CategoryDatasetHandler,0
org/jfree/data/time/TimeSeriesTableModel,0
org/jfree/chart/annotations/AbstractAnnotation,0
org/jfree/chart/labels/ItemLabelAnchor,0
org/jfree/chart/text/TextBlockAnchor,0
org/jfree/chart/api/UnitType,0
org/jfree/data/time/TimeSeriesDataItem,0
org/jfree/chart/labels/XYZToolTipGenerator,0
org/jfree/chart/renderer/xy/XYSplineRenderer$FillType,0
org/jfree/data/statistics/StatisticalCategoryDataset,0
org/jfree/chart/axis/CategoryAxis$1,0
org/jfree/chart/axis/DateTickUnitType,0
org/jfree/chart/plot/CrosshairState,0
org/jfree/chart/event/ChartProgressEvent,0
org/jfree/chart/labels/PieSectionLabelGenerator,0
org/jfree/chart/swing/editor/DefaultPlotEditor,0
org/jfree/chart/internal/PaintUtils,0
org/jfree/chart/renderer/category/WaterfallBarRenderer,0
org/jfree/data/xy/XYSeriesCollection,0
org/jfree/data/general/DefaultKeyedValues2DDataset,0
org/jfree/data/xml/CategorySeriesHandler,0
org/jfree/chart/api/Layer,0
org/jfree/chart/axis/LogarithmicAxis,0
org/jfree/data/json/package-info,0
org/jfree/data/xy/AbstractIntervalXYDataset,0
org/jfree/data/xy/XisSymbolic,0
org/jfree/chart/axis/Tick,0
org/jfree/chart/plot/dial/package-info,0
org/jfree/chart/renderer/package-info,0
org/jfree/data/category/CategoryToPieDataset,0
org/jfree/chart/encoders/ImageEncoderFactory,0
org/jfree/data/time/DateRange,0
org/jfree/chart/plot/pie/package-info,0
org/jfree/chart/renderer/xy/AbstractXYItemRenderer$1,0
org/jfree/chart/renderer/xy/XYBarRenderer,0
org/jfree/chart/axis/Timeline,0
org/jfree/chart/plot/CenterTextMode,0
org/jfree/chart/axis/PeriodAxis,0
org/jfree/chart/legend/LegendGraphic,0
org/jfree/chart/plot/dial/DialCap,0
org/jfree/chart/swing/editor/PaintSample,0
org/jfree/chart/api/Rotation,0
org/jfree/chart/legend/PaintScaleLegend,0
org/jfree/chart/renderer/xy/XYLineAndShapeRenderer,0
org/jfree/chart/axis/QuarterDateFormat,0
org/jfree/data/general/ValueDataset,0
org/jfree/chart/renderer/category/GradientBarPainter,0
org/jfree/chart/renderer/xy/StandardXYBarPainter,0
org/jfree/chart/ChartElement,0
org/jfree/chart/text/package-info,0
org/jfree/data/json/impl/JSONObject,0
org/jfree/chart/labels/HighLowItemLabelGenerator,0
org/jfree/chart/plot/flow/package-info,0
org/jfree/chart/renderer/GrayPaintScale,0
org/jfree/chart/swing/package-info,0
org/jfree/chart/text/G2TextMeasurer,0
org/jfree/chart/title/package-info,0
org/jfree/chart/axis/CategoryLabelPositions,0
org/jfree/chart/labels/StandardXYSeriesLabelGenerator,0
org/jfree/data/xy/XYSeries,0
org/jfree/chart/plot/SeriesRenderingOrder,0
org/jfree/chart/axis/AxisLabelLocation,0
org/jfree/data/time/Quarter,0
org/jfree/chart/urls/StandardPieURLGenerator,0
org/jfree/chart/ChartFactory,0
org/jfree/chart/title/TextTitle,0
org/jfree/data/KeyedValueComparatorType,0
org/jfree/chart/encoders/package-info,0
org/jfree/data/xml/DatasetTags,0
org/jfree/chart/entity/AxisEntity,0
org/jfree/chart/labels/StandardXYItemLabelGenerator,0
org/jfree/chart/plot/dial/AbstractDialLayer,0
org/jfree/chart/plot/dial/DialScale,0
org/jfree/chart/renderer/category/GanttRenderer,0
